{"cameraMode":{"drawMode":0,"name":"Shaded","section":"Shading Mode"},"sceneLighting":true,"audioPlay":false,"sceneViewState":{"showFog":true,"showMaterialUpdate":false,"showSkybox":true,"showFlares":true,"showImageEffects":true,"showParticleSystems":true},"in2DMode":false,"pivot":{"x":2.1738715171813967,"y":6.191798686981201,"z":1.2186274528503419},"rotation":{"x":-0.20181122422218324,"y":0.7826740741729736,"z":-0.31926295161247256,"w":-0.49473923444747927},"size":0.6068772077560425,"orthographic":false}