{"cameraMode":{"drawMode":0,"name":"Shaded","section":"Shading Mode"},"sceneLighting":true,"audioPlay":false,"sceneViewState":{"showFog":true,"showMaterialUpdate":false,"showSkybox":false,"showFlares":true,"showImageEffects":true,"showParticleSystems":true},"in2DMode":false,"pivot":{"x":-0.1327807903289795,"y":2.648684024810791,"z":-4.462876796722412},"rotation":{"x":0.5197855830192566,"y":-0.14209143817424775,"z":0.08815737813711167,"w":0.8377764225006104},"size":3.2921416759490969,"orthographic":false}