{"cameraMode":{"drawMode":0,"name":"Shaded","section":"Shading Mode"},"sceneLighting":true,"audioPlay":false,"sceneViewState":{"showFog":true,"showMaterialUpdate":false,"showSkybox":false,"showFlares":true,"showImageEffects":true,"showParticleSystems":true},"in2DMode":false,"pivot":{"x":0.8860173225402832,"y":2.7188477516174318,"z":-1.7058554887771607},"rotation":{"x":0.34868505597114565,"y":-0.5067167282104492,"z":0.23472976684570313,"w":0.7527068853378296},"size":6.716724872589111,"orthographic":false}