{"cameraMode":{"drawMode":0,"name":"Shaded","section":"Shading Mode"},"sceneLighting":true,"audioPlay":false,"sceneViewState":{"showFog":true,"showMaterialUpdate":false,"showSkybox":false,"showFlares":true,"showImageEffects":true,"showParticleSystems":true},"in2DMode":false,"pivot":{"x":3.348430633544922,"y":3.5118441581726076,"z":-1.6135398149490357},"rotation":{"x":0.2451864331960678,"y":-0.6933388710021973,"z":0.27436500787734988,"w":0.619594156742096},"size":0.5707722306251526,"orthographic":false}